Correct,Wrong,Tie,Percent,week
6,10,0,0.375,1
8,8,0,0.5,1
11,5,0,0.6875,1
8,8,0,0.5,1
9,7,0,0.5625,1
10,6,0,0.625,1
9,7,0,0.5625,1
8,8,0,0.5,1
16,16,0,0.5,2
19,13,0,0.59375,2
22,10,0,0.6875,2
18,14,0,0.5625,2
18,14,0,0.5625,2
19,13,0,0.59375,2
20,12,0,0.625,2
18,14,0,0.5625,2
26,22,0,0.5416666666666666,3
28,20,0,0.5833333333333334,3
32,16,0,0.6666666666666666,3
31,17,0,0.6458333333333334,3
26,22,0,0.5416666666666666,3
31,17,0,0.6458333333333334,3
30,18,0,0.625,3
28,20,0,0.5833333333333334,3
