Record,Correct,Wrong,Percent,week
10-6,10,6,0.625,1
10-6,10,6,0.625,1
6-10,6,10,0.375,1
6-10,6,10,0.375,1
10-6,10,6,0.625,1
9-7,9,7,0.5625,1
10-6,10,6,0.625,1
8-8,8,8,0.5,1
7-9,7,9,0.4375,1
10-6,10,6,0.625,1
8-8,8,8,0.5,1
8-7,8,7,0.5333333333333333,2
11-4,11,4,0.7333333333333333,2
9-6,9,6,0.6,2
7-8,7,8,0.4666666666666667,2
9-6,9,6,0.6,2
9-6,9,6,0.6,2
9-6,9,6,0.6,2
9-6,9,6,0.6,2
10-5,10,5,0.6666666666666666,2
8-7,8,7,0.5333333333333333,2
8-7,8,7,0.5333333333333333,2
